﻿{
  "@id": "urn:YOUR_COMPANY_NAME_HERE:EnvironmentalSensor:1",
  "@type": "Interface",
  "displayName": "Environmental Sensor",
  "description": "Provides functionality to report temperature, humidity. Provides telemetry, commands and read-write properties",
  "comment": "Requires temperature and humidity sensors.",
  "contents": [
    {
      "@type": "Property",
      "displayName": "Device State",
      "description": "The state of the device. Two states online/offline are available.",
      "name": "state",
      "schema": "boolean"
    },
    {
      "@type": "Property",
      "displayName": "Customer Name",
      "description": "The name of the customer currently operating the device.",
      "name": "name",
      "schema": "string",
      "writable": true
    },
    {
      "@type": "Property",
      "displayName": "Brightness Level",
      "description": "The brightness level for the light on the device. Can be specified as 1 (high), 2 (medium), 3 (low)",
      "name": "brightness",
      "writable": true,
      "schema": "long"
    },
    {
      "@type": [
        "Telemetry",
        "SemanticType/Temperature"
      ],
      "description": "Current temperature on the device",
      "displayName": "Temperature",
      "name": "temp",
      "schema": "double",
      "unit": "Units/Temperature/fahrenheit"
    },
    {
      "@type": [
        "Telemetry",
        "SemanticType/Humidity"
      ],
      "description": "Current humidity on the device",
      "displayName": "Humidity",
      "name": "humid",
      "schema": "double",
      "unit": "Units/Humidity/percent"
    },
    {
      "@type": "Command",
      "description": "This command will begin blinking the LED for given time interval.",
      "name": "blink",
      "commandType": "synchronous",
      "request": {
        "name": "interval",
        "schema": "long"
      },
      "response": {
        "name": "blinkResponse",
        "schema": {
          "@type": "Object",
          "fields": [
            {
              "name": "description",
              "schema": "string"
            }
          ]
        }
      }
    },
    {
      "@type": "Command",
      "name": "turnon",
      "comment": "This Commands will turn-on the LED light on the device.",
      "commandType": "synchronous"
    },
    {
      "@type": "Command",
      "name": "turnoff",
      "comment": "This Commands will turn-off the LED light on the device.",
      "commandType": "synchronous"
    },
    {
      "@type": "Command",
      "name": "rundiagnostics",
      "comment": "This command initiates a diagnostics run.  This will take time and is implemented as an asynchronous command",
      "commandType": "asynchronous"
    }
  ],
  "@context": "http://azureiot.com/v1/contexts/IoTModel.json"
}